{
    "providers": [
        {
            "type": "bitmap",
            "file": "minecraft:ui/pokemon_ui.png",
            "ascent": 3,
            "height": 27,
            "chars": ["\uE002"]
        },
        {
            "type": "bitmap",
            "file": "minecraft:ui/party_ui.png",
            "ascent": 48,
            "height": 256,
            "chars": ["\uE001"]
        },
        {
            "type": "bitmap",
            "file": "minecraft:ui/pokemon_ui.png",
            "ascent": -10,
            "height": 27,
            "chars": ["\uE000"]
        }
    ]
}