{
	"parent": "item/generated",
	"textures": {
	"layer0": "item/brick"
	},

	"overrides": [
		{"predicate": {"custom_model_data":1}, "model": "item/pokemon/animated-front/1"},
		{"predicate": {"custom_model_data":2}, "model": "item/pokemon/animated-front/2"},
		{"predicate": {"custom_model_data":3}, "model": "item/pokemon/animated-front/3"},
		{"predicate": {"custom_model_data":4}, "model": "item/pokemon/animated-front/4"},
		{"predicate": {"custom_model_data":5}, "model": "item/pokemon/animated-front/5"},
		{"predicate": {"custom_model_data":6}, "model": "item/pokemon/animated-front/6"},
		{"predicate": {"custom_model_data":7}, "model": "item/pokemon/animated-front/7"},
		{"predicate": {"custom_model_data":8}, "model": "item/pokemon/animated-front/8"},
		{"predicate": {"custom_model_data":9}, "model": "item/pokemon/animated-front/9"},
		{"predicate": {"custom_model_data":10}, "model": "item/pokemon/animated-front/10"},
		{"predicate": {"custom_model_data":11}, "model": "item/pokemon/animated-front/11"},
		{"predicate": {"custom_model_data":12}, "model": "item/pokemon/animated-front/12"},
		{"predicate": {"custom_model_data":13}, "model": "item/pokemon/animated-front/13"},
		{"predicate": {"custom_model_data":14}, "model": "item/pokemon/animated-front/14"},
		{"predicate": {"custom_model_data":15}, "model": "item/pokemon/animated-front/15"},
		{"predicate": {"custom_model_data":16}, "model": "item/pokemon/animated-front/16"},
		{"predicate": {"custom_model_data":17}, "model": "item/pokemon/animated-front/17"},
		{"predicate": {"custom_model_data":18}, "model": "item/pokemon/animated-front/18"},
		{"predicate": {"custom_model_data":19}, "model": "item/pokemon/animated-front/19"},
		{"predicate": {"custom_model_data":20}, "model": "item/pokemon/animated-front/20"},
		{"predicate": {"custom_model_data":21}, "model": "item/pokemon/animated-front/21"},
		{"predicate": {"custom_model_data":22}, "model": "item/pokemon/animated-front/22"},
		{"predicate": {"custom_model_data":23}, "model": "item/pokemon/animated-front/23"},
		{"predicate": {"custom_model_data":24}, "model": "item/pokemon/animated-front/24"},
		{"predicate": {"custom_model_data":25}, "model": "item/pokemon/animated-front/25"},
		{"predicate": {"custom_model_data":26}, "model": "item/pokemon/animated-front/26"},
		{"predicate": {"custom_model_data":27}, "model": "item/pokemon/animated-front/27"},
		{"predicate": {"custom_model_data":28}, "model": "item/pokemon/animated-front/28"},
		{"predicate": {"custom_model_data":29}, "model": "item/pokemon/animated-front/29"},
		{"predicate": {"custom_model_data":30}, "model": "item/pokemon/animated-front/30"},
		{"predicate": {"custom_model_data":31}, "model": "item/pokemon/animated-front/31"},
		{"predicate": {"custom_model_data":32}, "model": "item/pokemon/animated-front/32"},
		{"predicate": {"custom_model_data":33}, "model": "item/pokemon/animated-front/33"},
		{"predicate": {"custom_model_data":34}, "model": "item/pokemon/animated-front/34"},
		{"predicate": {"custom_model_data":35}, "model": "item/pokemon/animated-front/35"},
		{"predicate": {"custom_model_data":36}, "model": "item/pokemon/animated-front/36"},
		{"predicate": {"custom_model_data":37}, "model": "item/pokemon/animated-front/37"},
		{"predicate": {"custom_model_data":38}, "model": "item/pokemon/animated-front/38"},
		{"predicate": {"custom_model_data":39}, "model": "item/pokemon/animated-front/39"},
		{"predicate": {"custom_model_data":40}, "model": "item/pokemon/animated-front/40"},
		{"predicate": {"custom_model_data":41}, "model": "item/pokemon/animated-front/41"},
		{"predicate": {"custom_model_data":42}, "model": "item/pokemon/animated-front/42"},
		{"predicate": {"custom_model_data":43}, "model": "item/pokemon/animated-front/43"},
		{"predicate": {"custom_model_data":44}, "model": "item/pokemon/animated-front/44"},
		{"predicate": {"custom_model_data":45}, "model": "item/pokemon/animated-front/45"},
		{"predicate": {"custom_model_data":46}, "model": "item/pokemon/animated-front/46"},
		{"predicate": {"custom_model_data":47}, "model": "item/pokemon/animated-front/47"},
		{"predicate": {"custom_model_data":48}, "model": "item/pokemon/animated-front/48"},
		{"predicate": {"custom_model_data":49}, "model": "item/pokemon/animated-front/49"},
		{"predicate": {"custom_model_data":50}, "model": "item/pokemon/animated-front/50"},
		{"predicate": {"custom_model_data":51}, "model": "item/pokemon/animated-front/51"},
		{"predicate": {"custom_model_data":52}, "model": "item/pokemon/animated-front/52"},
		{"predicate": {"custom_model_data":53}, "model": "item/pokemon/animated-front/53"},
		{"predicate": {"custom_model_data":54}, "model": "item/pokemon/animated-front/54"},
		{"predicate": {"custom_model_data":55}, "model": "item/pokemon/animated-front/55"},
		{"predicate": {"custom_model_data":56}, "model": "item/pokemon/animated-front/56"},
		{"predicate": {"custom_model_data":57}, "model": "item/pokemon/animated-front/57"},
		{"predicate": {"custom_model_data":58}, "model": "item/pokemon/animated-front/58"},
		{"predicate": {"custom_model_data":59}, "model": "item/pokemon/animated-front/59"},
		{"predicate": {"custom_model_data":60}, "model": "item/pokemon/animated-front/60"},
		{"predicate": {"custom_model_data":61}, "model": "item/pokemon/animated-front/61"},
		{"predicate": {"custom_model_data":62}, "model": "item/pokemon/animated-front/62"},
		{"predicate": {"custom_model_data":63}, "model": "item/pokemon/animated-front/63"},
		{"predicate": {"custom_model_data":64}, "model": "item/pokemon/animated-front/64"},
		{"predicate": {"custom_model_data":65}, "model": "item/pokemon/animated-front/65"},
		{"predicate": {"custom_model_data":66}, "model": "item/pokemon/animated-front/66"},
		{"predicate": {"custom_model_data":67}, "model": "item/pokemon/animated-front/67"},
		{"predicate": {"custom_model_data":68}, "model": "item/pokemon/animated-front/68"},
		{"predicate": {"custom_model_data":69}, "model": "item/pokemon/animated-front/69"},
		{"predicate": {"custom_model_data":70}, "model": "item/pokemon/animated-front/70"},
		{"predicate": {"custom_model_data":71}, "model": "item/pokemon/animated-front/71"},

		{"predicate": {"custom_model_data":133}, "model": "item/pokemon/animated-front/133"},
		{"predicate": {"custom_model_data":181}, "model": "item/pokemon/animated-front/181"},
		{"predicate": {"custom_model_data":197}, "model": "item/pokemon/animated-front/197"},
		{"predicate": {"custom_model_data":249}, "model": "item/pokemon/animated-front/249"},	
		{"predicate": {"custom_model_data":387}, "model": "item/pokemon/animated-front/387"},
		{"predicate": {"custom_model_data":472}, "model": "item/pokemon/animated-front/472"},
		{"predicate": {"custom_model_data":807}, "model": "item/pokemon/animated-front/807"}
	]
}