{
	"parent": "item/generated",
	"textures": {
	"layer0": "item/flint"
	},

	"overrides": [
		{"predicate": {"custom_model_data":1}, "model": "item/pokemon/sprites/1"},
		{"predicate": {"custom_model_data":2}, "model": "item/pokemon/sprites/2"},
		{"predicate": {"custom_model_data":3}, "model": "item/pokemon/sprites/3"},
		{"predicate": {"custom_model_data":4}, "model": "item/pokemon/sprites/4"},
		{"predicate": {"custom_model_data":5}, "model": "item/pokemon/sprites/5"},
		{"predicate": {"custom_model_data":6}, "model": "item/pokemon/sprites/6"},
		{"predicate": {"custom_model_data":7}, "model": "item/pokemon/sprites/7"},
		{"predicate": {"custom_model_data":8}, "model": "item/pokemon/sprites/8"},
		{"predicate": {"custom_model_data":9}, "model": "item/pokemon/sprites/9"},
		{"predicate": {"custom_model_data":10}, "model": "item/pokemon/sprites/10"},
		{"predicate": {"custom_model_data":11}, "model": "item/pokemon/sprites/11"},
		{"predicate": {"custom_model_data":12}, "model": "item/pokemon/sprites/12"},
		{"predicate": {"custom_model_data":13}, "model": "item/pokemon/sprites/13"},
		{"predicate": {"custom_model_data":14}, "model": "item/pokemon/sprites/14"},
		{"predicate": {"custom_model_data":15}, "model": "item/pokemon/sprites/15"},
		{"predicate": {"custom_model_data":16}, "model": "item/pokemon/sprites/16"},
		{"predicate": {"custom_model_data":17}, "model": "item/pokemon/sprites/17"},
		{"predicate": {"custom_model_data":18}, "model": "item/pokemon/sprites/18"},
		{"predicate": {"custom_model_data":20}, "model": "item/pokemon/animated-front/table"}
	]
}