{
	"parent": "item/generated",
	"textures": {
	"layer0": "item/nether_brick"
	},

	"overrides": [
		{"predicate": {"custom_model_data":1}, "model": "item/pokemon/animated-back/1"},
		{"predicate": {"custom_model_data":2}, "model": "item/pokemon/animated-back/2"},
		{"predicate": {"custom_model_data":3}, "model": "item/pokemon/animated-back/3"},
		{"predicate": {"custom_model_data":4}, "model": "item/pokemon/animated-back/4"},
		{"predicate": {"custom_model_data":5}, "model": "item/pokemon/animated-back/5"},
		{"predicate": {"custom_model_data":6}, "model": "item/pokemon/animated-back/6"},
		{"predicate": {"custom_model_data":7}, "model": "item/pokemon/animated-back/7"},
		{"predicate": {"custom_model_data":8}, "model": "item/pokemon/animated-back/8"},
		{"predicate": {"custom_model_data":9}, "model": "item/pokemon/animated-back/9"},
		{"predicate": {"custom_model_data":10}, "model": "item/pokemon/animated-back/10"},
		{"predicate": {"custom_model_data":11}, "model": "item/pokemon/animated-back/11"},
		{"predicate": {"custom_model_data":12}, "model": "item/pokemon/animated-back/12"},
		{"predicate": {"custom_model_data":13}, "model": "item/pokemon/animated-back/13"},
		{"predicate": {"custom_model_data":14}, "model": "item/pokemon/animated-back/14"},
		{"predicate": {"custom_model_data":15}, "model": "item/pokemon/animated-back/15"},
		{"predicate": {"custom_model_data":16}, "model": "item/pokemon/animated-back/16"},
		{"predicate": {"custom_model_data":17}, "model": "item/pokemon/animated-back/17"},
		{"predicate": {"custom_model_data":18}, "model": "item/pokemon/animated-back/18"}
	]
}