{
    "oversized_in_gui": true,
    "hand_animation_on_swap": false,
    "model": {
        "type": "range_dispatch",
        "property": "custom_model_data",
        "fallback": {
            "type": "model",
            "model": "item/pokemon/sprites/question_mark"
        },
        "entries": [
			{"threshold": 10001,"model": {"type": "model","model": "item/pokemon/animated-front/1"}},
            {"threshold": 10002,"model": {"type": "model","model": "item/pokemon/animated-front/2"}},
            {"threshold": 10003,"model": {"type": "model","model": "item/pokemon/animated-front/3"}},
            {"threshold": 10004,"model": {"type": "model","model": "item/pokemon/animated-front/4"}},
            {"threshold": 10005,"model": {"type": "model","model": "item/pokemon/animated-front/5"}},
            {"threshold": 10006,"model": {"type": "model","model": "item/pokemon/animated-front/6"}},
            {"threshold": 10007,"model": {"type": "model","model": "item/pokemon/animated-front/7"}},
            {"threshold": 10008,"model": {"type": "model","model": "item/pokemon/animated-front/8"}},
            {"threshold": 10009,"model": {"type": "model","model": "item/pokemon/animated-front/9"}},
            {"threshold": 10010,"model": {"type": "model","model": "item/pokemon/animated-front/10"}},
            {"threshold": 10011,"model": {"type": "model","model": "item/pokemon/animated-front/11"}},
            {"threshold": 10012,"model": {"type": "model","model": "item/pokemon/animated-front/12"}},
            {"threshold": 10013,"model": {"type": "model","model": "item/pokemon/animated-front/13"}},
            {"threshold": 10014,"model": {"type": "model","model": "item/pokemon/animated-front/14"}},
            {"threshold": 10015,"model": {"type": "model","model": "item/pokemon/animated-front/15"}},
            {"threshold": 10016,"model": {"type": "model","model": "item/pokemon/animated-front/16"}},
            {"threshold": 10017,"model": {"type": "model","model": "item/pokemon/animated-front/17"}},
            {"threshold": 10018,"model": {"type": "model","model": "item/pokemon/animated-front/18"}},
            {"threshold": 10019,"model": {"type": "model","model": "item/pokemon/animated-front/19"}},
            {"threshold": 10020,"model": {"type": "model","model": "item/pokemon/animated-front/20"}},
            {"threshold": 10021,"model": {"type": "model","model": "item/pokemon/animated-front/21"}},
            {"threshold": 10022,"model": {"type": "model","model": "item/pokemon/animated-front/22"}},
            {"threshold": 10023,"model": {"type": "model","model": "item/pokemon/animated-front/23"}},
            {"threshold": 10024,"model": {"type": "model","model": "item/pokemon/animated-front/24"}},
            {"threshold": 10025,"model": {"type": "model","model": "item/pokemon/animated-front/25"}},
            {"threshold": 10026,"model": {"type": "model","model": "item/pokemon/animated-front/26"}},
            {"threshold": 10027,"model": {"type": "model","model": "item/pokemon/animated-front/27"}},
            {"threshold": 10028,"model": {"type": "model","model": "item/pokemon/animated-front/28"}},
            {"threshold": 10029,"model": {"type": "model","model": "item/pokemon/animated-front/29"}},
            {"threshold": 10030,"model": {"type": "model","model": "item/pokemon/animated-front/30"}},
            {"threshold": 10031,"model": {"type": "model","model": "item/pokemon/animated-front/31"}},
            {"threshold": 10032,"model": {"type": "model","model": "item/pokemon/animated-front/32"}},
            {"threshold": 10033,"model": {"type": "model","model": "item/pokemon/animated-front/33"}},
            {"threshold": 10034,"model": {"type": "model","model": "item/pokemon/animated-front/34"}},
            {"threshold": 10035,"model": {"type": "model","model": "item/pokemon/animated-front/35"}},
            {"threshold": 10036,"model": {"type": "model","model": "item/pokemon/animated-front/36"}},
            {"threshold": 10037,"model": {"type": "model","model": "item/pokemon/animated-front/37"}},
            {"threshold": 10038,"model": {"type": "model","model": "item/pokemon/animated-front/38"}},
            {"threshold": 10039,"model": {"type": "model","model": "item/pokemon/animated-front/39"}},
            {"threshold": 10040,"model": {"type": "model","model": "item/pokemon/animated-front/40"}},
            {"threshold": 10041,"model": {"type": "model","model": "item/pokemon/animated-front/41"}},
            {"threshold": 10042,"model": {"type": "model","model": "item/pokemon/animated-front/42"}},
            {"threshold": 10043,"model": {"type": "model","model": "item/pokemon/animated-front/43"}},
            {"threshold": 10044,"model": {"type": "model","model": "item/pokemon/animated-front/44"}},
            {"threshold": 10045,"model": {"type": "model","model": "item/pokemon/animated-front/45"}},
            {"threshold": 10046,"model": {"type": "model","model": "item/pokemon/animated-front/46"}},
            {"threshold": 10047,"model": {"type": "model","model": "item/pokemon/animated-front/47"}},
            {"threshold": 10048,"model": {"type": "model","model": "item/pokemon/animated-front/48"}},
            {"threshold": 10049,"model": {"type": "model","model": "item/pokemon/animated-front/49"}},
            {"threshold": 10050,"model": {"type": "model","model": "item/pokemon/animated-front/50"}},
            {"threshold": 10051,"model": {"type": "model","model": "item/pokemon/animated-front/51"}},
            {"threshold": 10052,"model": {"type": "model","model": "item/pokemon/animated-front/52"}},
            {"threshold": 10053,"model": {"type": "model","model": "item/pokemon/animated-front/53"}},
            {"threshold": 10054,"model": {"type": "model","model": "item/pokemon/animated-front/54"}},
            {"threshold": 10055,"model": {"type": "model","model": "item/pokemon/animated-front/55"}},
            {"threshold": 10056,"model": {"type": "model","model": "item/pokemon/animated-front/56"}},
            {"threshold": 10057,"model": {"type": "model","model": "item/pokemon/animated-front/57"}},
            {"threshold": 10058,"model": {"type": "model","model": "item/pokemon/animated-front/58"}},
            {"threshold": 10059,"model": {"type": "model","model": "item/pokemon/animated-front/59"}},
            {"threshold": 10060,"model": {"type": "model","model": "item/pokemon/animated-front/60"}},
            {"threshold": 10061,"model": {"type": "model","model": "item/pokemon/animated-front/61"}},
            {"threshold": 10062,"model": {"type": "model","model": "item/pokemon/animated-front/62"}},
            {"threshold": 10063,"model": {"type": "model","model": "item/pokemon/animated-front/63"}},
            {"threshold": 10064,"model": {"type": "model","model": "item/pokemon/animated-front/64"}},
            {"threshold": 10065,"model": {"type": "model","model": "item/pokemon/animated-front/65"}},
            {"threshold": 10066,"model": {"type": "model","model": "item/pokemon/animated-front/66"}},
            {"threshold": 10067,"model": {"type": "model","model": "item/pokemon/animated-front/67"}},
            {"threshold": 10068,"model": {"type": "model","model": "item/pokemon/animated-front/68"}},
            {"threshold": 10069,"model": {"type": "model","model": "item/pokemon/animated-front/69"}},
            {"threshold": 10070,"model": {"type": "model","model": "item/pokemon/animated-front/70"}},
            {"threshold": 10071,"model": {"type": "model","model": "item/pokemon/animated-front/71"}},
            {"threshold": 10072,"model": {"type": "model","model": "item/pokemon/animated-front/72"}},
            {"threshold": 10073,"model": {"type": "model","model": "item/pokemon/animated-front/73"}},
            {"threshold": 10074,"model": {"type": "model","model": "item/pokemon/animated-front/74"}},
            {"threshold": 10075,"model": {"type": "model","model": "item/pokemon/animated-front/75"}},
            {"threshold": 10076,"model": {"type": "model","model": "item/pokemon/animated-front/76"}},
            {"threshold": 10077,"model": {"type": "model","model": "item/pokemon/animated-front/77"}},
            {"threshold": 10078,"model": {"type": "model","model": "item/pokemon/animated-front/78"}},
            {"threshold": 10079,"model": {"type": "model","model": "item/pokemon/animated-front/79"}},
            {"threshold": 10080,"model": {"type": "model","model": "item/pokemon/animated-front/80"}},
            {"threshold": 10081,"model": {"type": "model","model": "item/pokemon/animated-front/81"}},
            {"threshold": 10082,"model": {"type": "model","model": "item/pokemon/animated-front/82"}},
            {"threshold": 10083,"model": {"type": "model","model": "item/pokemon/animated-front/83"}},
            {"threshold": 10084,"model": {"type": "model","model": "item/pokemon/animated-front/84"}},
            {"threshold": 10085,"model": {"type": "model","model": "item/pokemon/animated-front/85"}},
            {"threshold": 10086,"model": {"type": "model","model": "item/pokemon/animated-front/86"}},
            {"threshold": 10087,"model": {"type": "model","model": "item/pokemon/animated-front/87"}},
            {"threshold": 10088,"model": {"type": "model","model": "item/pokemon/animated-front/88"}},
            {"threshold": 10089,"model": {"type": "model","model": "item/pokemon/animated-front/89"}},
            {"threshold": 10090,"model": {"type": "model","model": "item/pokemon/animated-front/90"}},
            {"threshold": 10091,"model": {"type": "model","model": "item/pokemon/animated-front/91"}},
            {"threshold": 10092,"model": {"type": "model","model": "item/pokemon/animated-front/92"}},
            {"threshold": 10093,"model": {"type": "model","model": "item/pokemon/animated-front/93"}},
            {"threshold": 10094,"model": {"type": "model","model": "item/pokemon/animated-front/94"}},
            {"threshold": 10095,"model": {"type": "model","model": "item/pokemon/animated-front/95"}},
            {"threshold": 10096,"model": {"type": "model","model": "item/pokemon/animated-front/96"}},
            {"threshold": 10097,"model": {"type": "model","model": "item/pokemon/animated-front/97"}},
            {"threshold": 10098,"model": {"type": "model","model": "item/pokemon/animated-front/98"}},
            {"threshold": 10099,"model": {"type": "model","model": "item/pokemon/animated-front/99"}},
            {"threshold": 10100,"model": {"type": "model","model": "item/pokemon/animated-front/100"}},
            {"threshold": 10101,"model": {"type": "model","model": "item/pokemon/animated-front/101"}},
            {"threshold": 10102,"model": {"type": "model","model": "item/pokemon/animated-front/102"}},
            {"threshold": 10103,"model": {"type": "model","model": "item/pokemon/animated-front/103"}},
            {"threshold": 10104,"model": {"type": "model","model": "item/pokemon/animated-front/104"}},
            {"threshold": 10105,"model": {"type": "model","model": "item/pokemon/animated-front/105"}},
            {"threshold": 10106,"model": {"type": "model","model": "item/pokemon/animated-front/106"}},
            {"threshold": 10107,"model": {"type": "model","model": "item/pokemon/animated-front/107"}},
            {"threshold": 10108,"model": {"type": "model","model": "item/pokemon/animated-front/108"}},
            {"threshold": 10109,"model": {"type": "model","model": "item/pokemon/animated-front/109"}},
            {"threshold": 10110,"model": {"type": "model","model": "item/pokemon/animated-front/110"}},
            {"threshold": 10111,"model": {"type": "model","model": "item/pokemon/animated-front/111"}},
            {"threshold": 10112,"model": {"type": "model","model": "item/pokemon/animated-front/112"}},
            {"threshold": 10113,"model": {"type": "model","model": "item/pokemon/animated-front/113"}},
            {"threshold": 10114,"model": {"type": "model","model": "item/pokemon/animated-front/114"}},
            {"threshold": 10115,"model": {"type": "model","model": "item/pokemon/animated-front/115"}},
            {"threshold": 10116,"model": {"type": "model","model": "item/pokemon/animated-front/116"}},
            {"threshold": 10117,"model": {"type": "model","model": "item/pokemon/animated-front/117"}},
            {"threshold": 10118,"model": {"type": "model","model": "item/pokemon/animated-front/118"}},
            {"threshold": 10119,"model": {"type": "model","model": "item/pokemon/animated-front/119"}},
            {"threshold": 10120,"model": {"type": "model","model": "item/pokemon/animated-front/120"}},
            {"threshold": 10121,"model": {"type": "model","model": "item/pokemon/animated-front/121"}},
            {"threshold": 10122,"model": {"type": "model","model": "item/pokemon/animated-front/122"}},
            {"threshold": 10123,"model": {"type": "model","model": "item/pokemon/animated-front/123"}},
            {"threshold": 10124,"model": {"type": "model","model": "item/pokemon/animated-front/124"}},
            {"threshold": 10125,"model": {"type": "model","model": "item/pokemon/animated-front/125"}},
            {"threshold": 10126,"model": {"type": "model","model": "item/pokemon/animated-front/126"}},
            {"threshold": 10127,"model": {"type": "model","model": "item/pokemon/animated-front/127"}},
            {"threshold": 10128,"model": {"type": "model","model": "item/pokemon/animated-front/128"}},
            {"threshold": 10129,"model": {"type": "model","model": "item/pokemon/animated-front/129"}},
            {"threshold": 10130,"model": {"type": "model","model": "item/pokemon/animated-front/130"}},
            {"threshold": 10131,"model": {"type": "model","model": "item/pokemon/animated-front/131"}},
            {"threshold": 10132,"model": {"type": "model","model": "item/pokemon/animated-front/132"}},
            {"threshold": 10133,"model": {"type": "model","model": "item/pokemon/animated-front/133"}},
            {"threshold": 10134,"model": {"type": "model","model": "item/pokemon/animated-front/134"}},
            {"threshold": 10135,"model": {"type": "model","model": "item/pokemon/animated-front/135"}},
            {"threshold": 10136,"model": {"type": "model","model": "item/pokemon/animated-front/136"}},
            {"threshold": 10137,"model": {"type": "model","model": "item/pokemon/animated-front/137"}},
            {"threshold": 10138,"model": {"type": "model","model": "item/pokemon/animated-front/138"}},
            {"threshold": 10139,"model": {"type": "model","model": "item/pokemon/animated-front/139"}},
            {"threshold": 10140,"model": {"type": "model","model": "item/pokemon/animated-front/140"}},
            {"threshold": 10141,"model": {"type": "model","model": "item/pokemon/animated-front/141"}},
            {"threshold": 10142,"model": {"type": "model","model": "item/pokemon/animated-front/142"}},
            {"threshold": 10143,"model": {"type": "model","model": "item/pokemon/animated-front/143"}},
            {"threshold": 10144,"model": {"type": "model","model": "item/pokemon/animated-front/144"}},
            {"threshold": 10145,"model": {"type": "model","model": "item/pokemon/animated-front/145"}},
            {"threshold": 10146,"model": {"type": "model","model": "item/pokemon/animated-front/146"}},
            {"threshold": 10147,"model": {"type": "model","model": "item/pokemon/animated-front/147"}},
            {"threshold": 10148,"model": {"type": "model","model": "item/pokemon/animated-front/148"}},
            {"threshold": 10149,"model": {"type": "model","model": "item/pokemon/animated-front/149"}},
            {"threshold": 10150,"model": {"type": "model","model": "item/pokemon/animated-front/150"}},
            {"threshold": 10151,"model": {"type": "model","model": "item/pokemon/animated-front/151"}}
        ]
    }
}