{
	"credit": "Made with Blockbench",
	"texture_size": [64, 64],
	"textures": {
		"0": "item/pokemon/animated-front/table",
		"particle": "item/pokemon/animated-front/table"
	},
	"elements": [
		{
			"from": [-1, 14, -1],
			"to": [17, 16, 17],
			"rotation": {"angle": 0, "axis": "y", "origin": [8, 11, 8]},
			"faces": {
				"north": {"uv": [4.5, 0, 9, 0.5], "texture": "#0"},
				"east": {"uv": [4.5, 0.5, 9, 1], "texture": "#0"},
				"south": {"uv": [4.5, 1, 9, 1.5], "texture": "#0"},
				"west": {"uv": [4.5, 1.5, 9, 2], "texture": "#0"},
				"up": {"uv": [4.5, 4.5, 0, 0], "texture": "#0"},
				"down": {"uv": [4.5, 4.5, 0, 9], "texture": "#0"}
			}
		},
		{
			"from": [14, 0, 0],
			"to": [16, 14, 2],
			"rotation": {"angle": 0, "axis": "y", "origin": [8, 11, 8]},
			"faces": {
				"north": {"uv": [5.5, 2, 6, 4.5], "texture": "#0"},
				"east": {"uv": [5.5, 4.5, 6, 7], "texture": "#0"},
				"south": {"uv": [6, 2, 6.5, 4.5], "texture": "#0"},
				"west": {"uv": [6, 4.5, 6.5, 7], "texture": "#0"},
				"up": {"uv": [8, 2.5, 7.5, 2], "texture": "#0"},
				"down": {"uv": [8, 2.5, 7.5, 3], "texture": "#0"}
			}
		},
		{
			"from": [0, 0, 0],
			"to": [2, 14, 2],
			"rotation": {"angle": 0, "axis": "y", "origin": [8, 11, 8]},
			"faces": {
				"north": {"uv": [6.5, 2, 7, 4.5], "texture": "#0"},
				"east": {"uv": [6.5, 4.5, 7, 7], "texture": "#0"},
				"south": {"uv": [7, 2, 7.5, 4.5], "texture": "#0"},
				"west": {"uv": [4.5, 7, 5, 9.5], "texture": "#0"},
				"up": {"uv": [8, 3.5, 7.5, 3], "texture": "#0"},
				"down": {"uv": [8, 3.5, 7.5, 4], "texture": "#0"}
			}
		},
		{
			"from": [0, 0, 14],
			"to": [2, 14, 16],
			"rotation": {"angle": 0, "axis": "y", "origin": [1, 7, 15]},
			"faces": {
				"north": {"uv": [7, 4.5, 7.5, 7], "texture": "#0"},
				"east": {"uv": [5, 7, 5.5, 9.5], "texture": "#0"},
				"south": {"uv": [5.5, 7, 6, 9.5], "texture": "#0"},
				"west": {"uv": [6, 7, 6.5, 9.5], "texture": "#0"},
				"up": {"uv": [8, 4.5, 7.5, 4], "texture": "#0"},
				"down": {"uv": [8, 4.5, 7.5, 5], "texture": "#0"}
			}
		},
		{
			"from": [14, 0, 14],
			"to": [16, 14, 16],
			"rotation": {"angle": 0, "axis": "y", "origin": [8, 11, 8]},
			"faces": {
				"north": {"uv": [4.5, 2, 5, 4.5], "texture": "#0"},
				"east": {"uv": [4.5, 4.5, 5, 7], "texture": "#0"},
				"south": {"uv": [5, 2, 5.5, 4.5], "texture": "#0"},
				"west": {"uv": [5, 4.5, 5.5, 7], "texture": "#0"},
				"up": {"uv": [7, 7.5, 6.5, 7], "texture": "#0"},
				"down": {"uv": [7.5, 7, 7, 7.5], "texture": "#0"}
			}
		}
	],
	"display": {
		"gui": {
			"rotation": [25, 45, 0]
		},
		"head": {
			"translation": [0, 3, 0]
		}
	},
	"groups": [
		{
			"name": "group",
			"origin": [-1, 7, 22],
			"color": 0,
			"children": [0, 1, 2, 3, 4]
		}
	]
}